statuss,textss
nspam,So        plug      US      converter
spam,Good case  Excellent
spam,Great   jawbone
nspam,Tied  charger  conversations lasting      minutes MAJOR PROBLEMS
spam,The mic  great
nspam,   jiggle  plug          decent volume
nspam,If    dozen    contacts   imagine  fun  sending
spam,If   Razr owner
nspam,Needless     wasted  money
nspam,What  waste  money  time
spam,And  sound quality  great
spam,He   impressed     original battery   extended battery
nspam,If    seperated   mere  +   started  notice excessive static  garbled sound   headset
spam,Very good quality
nspam,The design   odd    ear  clip     comfortable
spam,Highly recommend       blue tooth phone
nspam, advise EVERYONE DO NOT BE FOOLED
spam,So Far So Good
spam,Works great
nspam,It clicks  place         long  mechanism
nspam,   Motorola  website    directions        pair
spam, bought      Kindle Fire  absolutely loved
nspam,The commercials    misleading
spam,       battery   bars     days  charging
nspam, bought    mother     problem   battery
spam,Great Pocket PC   phone combination
spam,  owned  phone    months          mobile phone
nspam,      instructions provided  helpful
nspam,People  hear  talk     pull   earphone  talk   phone
nspam,Doesn  hold charge
nspam,This   simple  phone      breakage  unacceptible
spam,This product  ideal  people    ears   sensitive
nspam,It  unusable   moving car  freeway speed
nspam,    years left   contract   hate  phone
spam,Car charger    AC charger  included         juice Highy recommended
nspam,You      mins     phone book   time   turn   phone Battery life  short
spam,It
nspam,Poor Talk Time Performance
spam,The case  great  works fine
nspam,worthless product
spam,It   great camera   MP    pics  nice  clear  great picture quality
nspam,   impressed   product
spam,Nice headset priced
nspam,  hear garbage  audio
spam,Excellent bluetooth headset
spam,It    features
nspam,Who    mind  gonna buy  battery
nspam,AFTER ARGUING WITH VERIZON REGARDING THE DROPPED CALLS WE RETURNED THE PHONES AFTER TWO DAYS
spam,This case
nspam,Disappointed  battery
nspam,Not loud     turn
spam,good protection     phone  bulky
spam, usable keyboard  turns  PDA   real   machine     neat gadget
spam,This phone  pretty sturdy       large problems
spam, love  thing
spam,Everything    fine  reasonable   price
nspam,VERY DISAPPOINTED
spam,  dropped  phone   stream    submerged     seconds    works great
spam,    happy          NO complaints      sound quality
nspam,The buttons      bad
nspam,Essentially   forget Microsoft  tech support
spam,  recommend  faceplates     nice  elegant  cool
spam,These headphones   great            purchase        years
nspam,Buy   phone
nspam,You   hold  phone    angle    party  hear
nspam,The  big drawback   MP  player    buttons   phone   cover    pause  skip songs lock     seconds
nspam, week    activated    suddenly died
spam,It feels  comfortable   headsets   wear glasses
spam,Great  iPODs
spam,This device  great   situations
nspam,Mic Doesn  work
nspam,Even   BMW   series   fairly quiet    trouble hearing    person
spam,Great choice
spam,Nice docking station    work
spam,This   beautiful phone
spam,Love  product
nspam,Do Not Buy        wrongly advertised
spam,This   great  item
spam, love  phone   It   handy    lot  features
nspam, purchased      days    longer working
spam, wear  everyday   holds
nspam,Not  good bargain
spam,Well packaged  arrived  time   works  intended
nspam,The battery runs
nspam,This item worked great    broke    months
spam,The headsets  easy     loves
spam,This phone works great
nspam,The construction   headsets  poor
spam,Product  excellent  works    verizon   Boy   cheaper
spam,The phone loads super
nspam,For  product  costs         expect   work     greater ease   thing
spam,Made  sturdy
spam,Worked great
nspam,The ear buds  play music   ear
nspam,Dont waste  money
spam,Will order
nspam,If  plan      car forget
nspam,   product   waaay  big
spam,Best                 bluetooths       quality       listener     ease
nspam,   disappointed   decision
spam,Integrated seamlessly   Motorola RAZR phone
nspam,Buyer Beware    flush money    toilet
spam,Definitely  bargain
spam,The price   good    free shipping      good purchase
nspam, received  supposedly  motorola           match   phone   charger
spam,Pros  Good camera    nice pictures     cool styles  black  white
nspam,That   huge design flaw        correctly         case
spam, love      headset   My Jabra    bluetooth headset  great   reception   good   ear piece   comfortable fit
nspam,The camera   rated   impressive     megapixels  renders images  fall   expectations     high resolution
nspam, purcashed    car charger     work
spam,Sound quality     excellent    headset    wife    wife   headset
spam,This phone  slim  light   display  beautiful
spam,   geeky      sex  toast   rocks  oozes sex     battery embedded sleek stylish leather case
spam,Great product  fast shipping
spam,Absolutely great
spam,The keyboard   nice compromise    QWERTY   basic cell phone number keypad
nspam,   phone         completely unhappy
spam,It   comfortable   ear
spam,It    winner
spam, Setup     simpler
spam,     earpieces   cell phone   Jabra          fits  ear comfortably
nspam,Could   strong  signal
spam,Iam  pleased   purchase
nspam,Bad Quality
spam,Gets  job
spam,Great audio
nspam,Basically  service   bad
nspam,   work   cell phone plug     set   charger
spam,     bluetooth    weeks
nspam,The BT headset    disapoinment
spam,It   small      realize
spam,The accompanied software   brilliant
spam,Headset works great &  packaged nicely  avoid  damage
spam,  definitly recommend
nspam,Buyer  Be Very Careful
nspam,The majority   Logitech earbud headsets failed
spam,Very good stuff   price
spam,My headset works  peachy keen
nspam,In  house    dropped coverage upstairs   coverage   basement
spam,Voice recognition  tremendous
nspam,What  waste
nspam,During     minute calls   experienced   drops      area     bars
nspam,   happy   item
nspam, disappointed
nspam,The phone takes FOREVER  charge       hours literally
spam,   phone  reccomendation   relative    glad
nspam,What  waste  time
nspam,Its reception    poor
nspam,Items stated  included   description ARE NOT INCLUDED
nspam,After   months  screen   black    sudden
nspam, Was Hoping  More
nspam,Audio Quality  poor   poor
spam,  absolutely  problem   headset linking        Blackberry Curve
spam,   sounds funny        sketchy technology    work  Well    works great
nspam,  bought $  wired headphones  sound
spam,This phone   fast  sending  kind  messages  web browsing   faster  previous phones
spam,Nice quality build    cheap s***
spam,This item  fantastic  works perfectly
spam,And   love  colors
spam,      SUPERB
nspam,All     whine   Internet      The     thing
spam,Great charger
nspam,This  essentially  communications tool    communicate
spam,Works   charm   work          phone
nspam,  maintain  monkeys    headphones       share  DNA  copy  design   humans
spam,Great Value
nspam,Doesn  work      bougth         working
spam,The      sharp   screen  nice  clear   great graphics
nspam,   long
nspam,One thing  hate   mode set button
spam,EXCELLENT SERVICE
nspam,Thank   wasting  money
nspam,How    The audio quality  poor
spam,The iGo chargers  tips   great
spam,The file browser offers   options    Handsfree  great
spam,Superb Phone   Great Network
spam, connected  wife  bluetooth  Motorola HS       phone   worked   charm   phone    pocket   case
nspam,   latest OS              likes  slow   crawl  lock
nspam,It  recognizes  Phone   storage device
nspam,If    loud buzzing  override   conversations    phone
nspam,Don  buy  product
nspam,    bluetoooth headset   time     comfortable     fits   ear
spam,The sound quality  good  functionality  awesome
nspam,   phone     thorn       abhor
nspam,   problems     stay connected       minutes   disconnected
spam,Incredible
nspam,Design Flaw
spam,Great phone
nspam,Waste     bucks
nspam,But   check voice mail  night   keypad backlight turns    seconds    message      lost
nspam,The replacement died    weeks
spam,Any ring tone  Overall good phone  buy
spam,Lately    extremely nice  helpful   phone
nspam,   problems wit hit dropping signal
nspam,Not impressed
spam,Light weight    notice
spam,You  love
nspam,Bad Choice
nspam,The pleather case   fit
nspam,useless phone  simply deaf
spam,The color   prettier   thought       graphics  incredibly sharp
spam,All        good investment
nspam,It   strange ticking noises   ends
spam,The  electronics    FM Transmitters
nspam,Battery lasts    hours
spam,great headset   impressed
spam,The       mega pixel camera       phone    good
spam,        years    worked great
spam,Good transmit audio
nspam,We  sending
nspam,   bother contacting  company   dollar product   learned  lesson      bought  form online
nspam,If  hate earbugs  avoid  phone
spam,Great price
spam,The range   decent       roam   house   phone   living room   reception sound quality issues
spam,fast service
spam,  highly recommend
spam,  recommend
nspam,         button   felt    crack
nspam,WORST PHONE EVER
spam,   infatuated   phone
nspam,Freezes frequently
nspam,It  kind  embarrassing            embarrassing  child   company
spam,Simple  lightweight  great fit
nspam,All      expected   consumer experience  Motorola
nspam,There   horrible tick sound   background    calls     experienced
spam,These    comfortable  functionality  decent
spam,     headbands      lightweight &   mess   hair
nspam,   bit disappointed
nspam,    phone    year            great
nspam, ordered   sony Ericsson          worked
nspam,The battery  completely useless
nspam,What  big waste  time
nspam,Don  waste  $$$
spam,Great sound  service
spam,Really pleased   product
spam,One   favorite purchases
spam, bluetooth   market
spam,Authentic leather  nice shine  comfort   recommend   case
spam,   excited    headset   thought    cute
nspam,Do     mistake
nspam,Big Disappointment  calendar sync
nspam, phone  unusable
nspam,Worst Customer Service Ever
nspam,No additional ear gels provided    instructions whatsoever
nspam,It defeats  purpose   bluetooth headset
spam,Worth  penny
spam,Excellent wallet type phone case
spam,Nice headphones   price   work great
nspam,Internet  excrutiatingly slow
spam,It   comfortable  wear          aspect    case
spam,It  fits   glove   strong  secure   durable
spam,  gosh   phone
spam,It   attractive  appears    good quality
spam, love   features  form factor
nspam,This product   strong rubber petroleum smell   unbearable     caused   return
nspam,poor quality  service
nspam,The cable     flimsy    scary
spam,Great Earpiece
spam,Excellent hands free tool
spam,Great      stereo
spam,Good product   incredible
spam,Only    month    worked flawlessly
spam,Works great
nspam,Absolutel junk
nspam,THAT    work
spam,Battery life  real good
nspam,Returned   hours
spam,It   great item
nspam,Don  waste  money
spam,Love  headset
nspam,Not    drain  player      fry
spam,Worked perfectly
nspam,Unreliable
spam,     stars    sound quality
nspam,Avoid
spam,Reversible plug works great
nspam, wasted   money   earpiece
spam,Very good phone
spam,Best     rotating feature   helpful
spam,Comfort    family
spam,Good product  good seller
spam, love  bluetooth
nspam,First       wear
spam,   impressed   headset  Plantronics
spam,       small  adorable
spam,Great phone
nspam,   recommend buying  product
nspam,Piece  Junk
nspam,Poorly contstruct hinge
spam,This item  great  installed     charged  overnite     working good     problems
spam,Great Phone
nspam,Don  buy
spam,Excellent Phone
nspam,DO NOT PURCHASE THIS PHONE
spam,The voice recognition   handset  excellent
spam,This  hands    phone
spam,Works great    cat attacked  phone  scratched  protective strip   destroying  screen
spam,This  works   priced
nspam,Customer service  terrible
nspam,Battery life   long   Motorola Razor
nspam,Sending
spam,Now       wise decision
spam,Someone shouldve invented  sooner
spam,Good price
spam,Everything worked     The device   engineered   clever    construction feels good
spam, received     works great
spam,Has  working great
nspam,As  people complained     headset  microphone   weak
nspam,My   year  Nokia       Tracfone holds  charge  lot
nspam,They   care   consumer  bit
spam,This   good battery       fast
nspam,The instruction manual  lacking
spam,Also  slim   fit   alarm clock docking station  removing  case
spam,Phone  holds charge
nspam,The battery  unreliable     service  antena
nspam,It  uncomfortable   sound quality   poor compared   phone  Razr     previous wired headset   plugged   LG
spam,We    lot  compliments
spam,This        state    cell phone usage  driving
nspam,   money
spam, love  device
spam,    happy   price
nspam, ordered  product    unhappy
nspam,The Ngage   lacking  earbuds
spam,     voice dialing   car   problem
nspam,      bars   cell phone          hear
spam,good item  low price
nspam,However  riingtones          games
nspam,The plug   work
nspam,AMAZON SUCKS
nspam,Rip      Over charge shipping
spam,VERY comfortable
spam,The battery  working    replacement   original     phone    years ago
spam,The reception  excellent
spam,It fits comfortably   ear   sound  clear  loud    charge lasts  couple  days
spam, clear  quality sound       mess   sound   iPod     sound buttons   headset
nspam,   long lasting battery       recharge   frequentyly     flip phones
nspam,Obviously    problem   adhesive
nspam,Very disappointing
nspam,It   inexpensive piece       expected  quality
nspam,It  practically useless    add  kind  boost   reception   bought
spam,Excellent sound quality
nspam,Was  happy
nspam, PIECE OF JUNK THAT BROKE AFTER BEING ON MY PHONE FOR   DAYS
spam,New Battery works great  phone
nspam,Worst customer service
spam,  dropped  phone  times        concrete   phone   great  knock  wood
nspam,Reception  terrible    static
spam,Good audio quality
spam,This  device  transformed  organizational capability    life   lot easier
nspam,  sitting   vehicle    cradle   belt    headset lost signal
nspam,Were JERKS   phone
spam,Works   charm   Works  advertised
spam,Comfortable  Nice Range  Good Battery Life
nspam,Their network coverage  Los Angeles  horrible
nspam,Excellent starter wireless headset
nspam,The loudspeaker option  great   bumpers   lights       appealing
nspam,The  thing     improve   sound leaks    headset
nspam,First   reception sucks          bars
nspam,The phone  EXTREMELY HOT
spam,The microphone  works       people   called   applifies
spam,Nice design  quality
nspam,Also    phone  dropped   case     save   specially  dropped face
spam,It  light  easy       clear reception  transmission
nspam,bad fit    big
spam,It     good
spam,awesome device
nspam,Waste  money
spam,  ordered  motorola data cable      finished  working product
spam,Love This Phone
spam,     headset   long time            happier
nspam,   drivng     headset starts ringing   reason
spam,Display  excellent  camera   good     year
spam,Battery life   great
nspam,The worst phone         Only      months
nspam,Not  good item   It worked     started  problems   auto reverse tape player
nspam,This   embarassing    ears hurt     push  ear plug   ear
spam,Protects  phone   sides
nspam,This   VERY average phone  bad battery life  operates   weak network
spam,Clear Skype Calls  Long Battery Life  Long Range
nspam,Soyo technology sucks
spam,Great Hands Free Device
spam,     portraits     exterior  display   cool
nspam,Same problem    mentioned
spam,After    handsfree gadgets      finally works
spam,Magical Help
nspam,The worst piece  crap     Verizon customer service
nspam,Poor sound quality
spam,The  phone  market
spam,It worked
spam,The company shipped  product     works
spam,Exactly   wanted
nspam,The picture resolution      comparably priced phones  offering today
spam,This   great deal
spam,Excellent product     satisfied   purchase
spam, highly recommend   encourage people
spam,Better    expect
nspam,Using  earpieces  left     thing   stay   ear
spam,Great product  price
spam,Sounds good  priced  effective  Its  simple
nspam,Still Waiting           item  work       recieve
nspam,  disappointment
spam,Very prompt service
spam,Excellent product   price
spam,Very pleased   headset
nspam,  waste  money  time
spam,  love  long battery life
nspam,It   stupid     buying  chargers  car chargers  cradles  headphones  car kits  time   phone
spam,Works great
spam,Plantronics Bluetooth Excelent Buy
nspam,    Verizon  cingulair  nicer cell phones       thing  noticed    bad service
nspam,       earpiece
spam, highly recommend  device
spam,Jawbone Era  awesome
nspam,We received  WHITE colored battery   DEAD   couple hoursTHe original     week     lasts longer  thereplacement
nspam,After  year  battery  completely dead   headset
spam,    phone   years
spam,An Awesome New Look For Fall
nspam,This    phone        cheaply
nspam,Att   clear  sound   distorted     yell   talk
nspam,The plastic breaks  easy   clip
spam,Price  good
nspam,Don     mistake
nspam,Oh   forgot   mention  weird color      phone
spam,      iriver SPINN   case    fits fine
nspam,Also  area   unit broke        fond   magnetic strap
spam,Overall    psyched    phone     appointments  contacts    great reception
spam, thing  phone work perfectly
nspam,Another note   phone  appearance       bland      black model
spam,IT  REALLY EASY
spam,My Sanyo  survived dozens  drops  blacktop  ill
spam,Fantastic earphones
spam,It finds  cell phone     enter  car
nspam,Low Quality
spam, highly recommend  modest priced cellular phone
spam,But     reception  clarity   phone
nspam,Warning   Stay
nspam,    return  unit     money
spam,Awsome Device Works Great
nspam,   talk              hours   battery   literally drained  dying
nspam,If        bad     unit    earpad     recommend
nspam,Very Displeased
nspam,     defect      risk buying      built quality
nspam,They   case  small    difficult  install
spam,Restored  phone    performance
spam,  recommend purchasing  Jabra JX    series    works flawlessly   Moto    figure
spam, searched  Internet
nspam,Does  fit
spam,Very happy   product
spam,The screen size  big  key pad lit      camera quality  excellent   camera phone
nspam,There    bad      headset
spam,  glad    product  amazon   hard       high priced
spam,Portable   works
spam,My colleague &    great reception   expensive   performance  great
nspam,  fully charged      bed  turned  blue tooth     noticed        % left   morning
nspam,    problems   phone reading  memory card     turn
nspam,Not good  wearing  hat  sunglasses
spam,Timely shipment  quality product
spam,Nice solid keyboard
spam,Very    fits  Surefire GX  perfectly
nspam,Horrible phone
nspam,BT   battery junk
spam,We  recommend
nspam,Cant   software  work   computer
nspam,Disappointed
nspam,poor voice clarity
spam,The battery works great
nspam,No buyers remorse
nspam,Very disappointed  AccessoryOne
nspam,   inexcusable      returning  phone   changing carriers
spam,Looks great   strong
spam,   TMobile service       years      pretty happy
nspam,The update procedure  difficult  cumbersome
nspam,Disappointment    hate      ear
spam,Great software  Motorolas
spam,The delivery   time
spam,Very easy
nspam,Uncomfortable In  Ear  Don    LG VX      EnV
nspam,The volume switch rocketed    unit   destination unknown
spam,It holds  charge   long time    comfortable  long wearing conditions   quality  sound  tremendous
nspam,    return
spam,The keyboard   worthwhile     sturdy     expect  problems
nspam,Verizon  bills     difficult  understand    pricing plans  simple
spam,After charging overnight   batteries work great
spam,You   regret
spam, love  phone
nspam, Disappointment
nspam,Its  user friendly
nspam,Unfortunately  ability      receiving       feature   phone  pitiful   respect
nspam,Then  exchanged    phone       problem
nspam,This    phone   stuck  max volume  mute
spam,This PDA rocks
spam,It  super charged      small hybrid palmtop camera cellphone   excels   roles
spam,   recommend  Jabra BT          comfort  clarity   great price
spam,  Verizon   years ago     service
nspam,Pretty piece  junk
nspam,Plug   wrong size
spam,Works
nspam,Save  money         item     months
nspam,Bad Purchase
spam,WELL IM SATISFIED
spam,The bose noise cancelling  amazing        NYC commuter
spam,This battery   excellent bargain
nspam,Defective crap
nspam,     star
spam, wear glasses   fits fine
nspam,The sound quality   device  unacceptable Unless      quiet area    hear
nspam,   recommend  item
nspam,The holster  arrived   match  photo
spam,great    problems
nspam,As  earlier review   plug   charger
spam,This frog phone charm  adorable   eye catching
nspam,You     pushed  hard     number  times   function
spam,The sound  clear   people  talk     amazed   quality
spam,   aluminum case    Palm VX   worked      protected  handheld perfectly
spam, good product
spam,Mobile Phone Tools
spam,   impressed   job  Motorola    sturdiness   phone
spam, received  orders    shipping timeframe     good working order       excited    source
spam,The phone  sturdy  waterproof
nspam,   impressed       recommend  item
nspam,My  complaint   standard sound volume    low   turned
spam,Thanks   Amazon    things     good price
spam, ended  sliding    edge   pants   pockets
spam,      store  bought   NOKIA phone   working great
spam,Works great
nspam,REALLY UGLY
nspam,horrible    switch   times
spam,The noise shield  incrediable
nspam,No real improvement
spam,Razr Battery   Good buy
spam,Keep   good work Amazon
nspam,They refuse  refund  replace
nspam,Unfortunately   easy  accidentally activate    gentle touch buttons   accidentally touch  phone   face  listening
nspam,So  basically threw  money   window
spam,Great case  price
nspam,All     drop     inches   kitchen counter    cracked    impressed     laughing
spam,Bluetooth range  good     days ago  left  phone   trunk       carried  conversation   hitch
spam,Small  sleek  impressive   practical setup  ample storage  place
spam,The eargels channel  sound directly   ear    increase  sound volume  clarity
nspam,        worked properly
spam,  glad  purchased
nspam,  missed numerous calls    reason
nspam,Perhaps  phone  defective   people  hear
nspam,Don  buy  product
nspam,sucked     stuff   work   phone
spam,No shifting   bubbling   peeling     scratch  NOTHING      happier       Droid
nspam,Worst software       If      stars
nspam,Trying         exercise  frustration
nspam,The case   flimsy piece  plastic       protection whatsoever
spam,   Jabra Earset    happy      sound quality   outgoing
spam, love  camera     pretty good quality
spam,Thank    great service
spam,Its  total package
spam,The seller   understanding  patient     buy
nspam,  Wirefly   star   contact Cingular AT&T   inform    practice
nspam,It  AGGRAVATING
spam,Great product   price
spam,  purchased    family  friends    enjoy  clarity  ease
spam,Virgin Wireless rocks     cheap  phone
nspam,None   works     buy
nspam,Muddy  low quality sound    casing   wire  insert   super glued  slid
nspam,Please dont waste  money
spam,All       satisfied   purchase
nspam,If      good quality Motorola Headset
nspam,Yet Plantronincs continues     flawed charger design
nspam,Disapointing Results
nspam,Cumbersome design
spam,Great    packaged nice works good   problems      time   expected
spam,Great Product
nspam,It   PIECE OF CRAP
nspam,My experience  terrible      This   fourth bluetooth headset        comfortable    Jabra    HATED
spam,This fixes   problems
nspam,Worst
spam,   happy
spam,    trouble accessing  Internet  downloading ringtones  performing    functions
nspam,  barely  hear     constantly
nspam,The battery life  highly unacceptable
nspam,That company   joke
spam,It    description
nspam,Due   happening      forced     headset
spam,It works great   car charger      plug   adapters    time
nspam,Verizon tech support walked     procedures     worked   ended      hard  set  wiping    data
nspam,Voice Quality  Signal Strength  Dropped Calls
spam,It plays louder    speaker   size   price   low      quality  lacking
spam,Better  expected
nspam,It feels  constructed   menus  difficult  navigate    buttons   recessed    difficult  push
spam,Battery  holding
nspam,Also difficult      recommend avoiding  product
nspam,     days       easy  hear
nspam,   car charger      week  charger  broken      plug     started smoking
nspam,Sprint   terrible customer service
spam,Linked   phone  effort
spam,THey   cool
spam,Easy
spam,Better Than New
nspam,What possesed     junk     idea
nspam,Piece  trash
spam, pretty good product
spam,This   great phone
spam,For  price  Amazon     excellent product     highly recommend
spam,Their Research  Development division
nspam,The real killer   volume      breaking
spam,Those phones  working  fine
spam,    happy   product
nspam,Poor Construction
nspam,This  infuriating
spam,Overall    recommend  phone    Walkman
nspam,Sprint charges   service
nspam,It  cheap    feel     cheap
spam,It fits  ear    comfortable
nspam,It   work  Europe  Asia
spam,clipping    belt  deffinitely   feel     cent    coming
spam,  design    Jabra behing  ear headsets        pretty comfortible  wear    hours  day  pain   ear
spam,  amazed   quick arrival    original lg cell phone batteries     fraction   price
nspam, worst phone  samsung   crap       crappy Samsung         worst    seeen
nspam, charger worked    week   completely stopped charging  phone
nspam,Poor product
nspam,However  needed   instructions
nspam,You   hands  operate  screen This software interface  decade    compete   software designs
spam,Worked   paired   Treo        Skype headset   PC    USB Bluetooth transceiver
nspam,Steer clear   product     genuine Palm replacementr pens       pack
nspam,DO NOT BUY DO NOT BUYIT SUCKS
spam,This   great product       beats   fingers
nspam,Plus         worth  steep price point
spam,All   cases     fall     months          long haul
nspam,Very Dissapointing Performance
nspam,Don     mistake        buy  phone
nspam,This phone     worst       brand
nspam,Case      extra   originally     discarded   scratched  ear
spam, recommend iGo     brand cell phones mp  players   family
nspam,Don  bother      store
spam, posted  detailed comments   grey  black phone      Fire Red     great color
spam,     problem   item   order    needed
nspam,You    pay   guess
spam,Not    software   great job          ringtones form  existing CDs   internet connection
spam, surprised    good quality car charger      reviews
spam,These  fabulous
nspam,However  BT headsets    good  real time games   person shooters   audio delay messes
spam,  bitpim   free program      internet  transfer data   phone The price   cable  excellent
nspam,Disappointing accessory   good manufacturer
nspam,Performed awful    muffled  tinny incoming sound  severe echo
spam,Very wind resistant
nspam,Obviously    terrible customer service       pay
spam,They    forever     overly expensive  replace Easy  operate   sound
nspam, contacted  company   told      unit    warranty      produce  receipt     luck
nspam,Linksys      exchange  bad phone   refurb unit
spam,Phone  sturdy   nokia bar phones
spam,Great phone
nspam,When    treo   case      NOT snug      LOT  extra room   sides
spam,  pleased
nspam,Battery  terrible
spam,   product   easy  set
nspam,The earpiece     large   heavy     falling    ear
nspam,Utter crap   Sound quality  TERRIBLE
nspam,The charger arrived   promised timeframe      work
spam,No ear loop needed    tiny   sound  great
nspam,Finally      times  spring   latch broke        longer   visor
spam,The handsfree  works fine     car   download  address book    Treo reboots Overall    rate  device high
nspam,Talk  USELESS customer service
nspam,It felt  light   tinny
nspam,This   fit  Palm Tungsten     broke   time    plug
spam,  happy   purchase  good quality  low price
spam, love    feel  Samsung flipphones
spam,Its  designed   sharp     blue    nice color
spam,Does
nspam,   recommend
spam,Nice Sound
nspam,Looks good   picture    case   huge disappointment
spam,Much    jawbone     replace
spam,Setup   smoothly
nspam, extremely slow  takes forever
nspam,  study   interested    worst sins   industrial design
nspam,The  thing  happened    tracking
spam,It     easy  access  phone    handy  detachable belt clip
nspam,Then    continue pairing  periodically     dropping
nspam,Can  upload ringtones    party
nspam,Bluetooth   work  phone locks   screens  flash       calls randomly    pocket locked
nspam,Truly awful
spam,It works fine   Motorola     cellphone    lot    worn  battery
spam,The volume   ringer  REAL good    choices  loud
nspam,And    tones  acceptable
nspam,camera color balance  AWFUL
nspam,This product    ready  prime time     care  cool            coming    worthless
spam, love  ringtones     upbeat
nspam,Chinese Forgeries Abound
spam,Easy  pair   Samsung Cell
nspam,The instructions   explain   microphone jack
nspam,  advise   purchase  item   worked
nspam,Too bad    pay   $$$  month   service
spam,Works
nspam,The nokia CA    USB cable   work   phone
spam,Clear crisp sound
spam,     smallest earpieces provided    stays  pretty
nspam,The biggest complaint      battery drains superfast
nspam,The design   ergonomic  theory     stand     ear
nspam,Do NOT buy       holster
spam,The phone    great pictures   video clips
nspam,It      cool
spam,Because  ears  occupied  background   distracting
spam,Comfortable fit      headset   comfortable     hour   time      entire day
nspam,Also   phone     accept   CBR mp   preferably ripped  Windows Media Player
spam,You   beat  price
spam,* Comes   strong light      light   camera shots    flash SOS signals
spam,lightweight  works
nspam,So  beware
spam, love  cable       connect  mini USB device   PC
nspam,So     hear    conversation
spam,This  cool   cases   open  allowing  screen    scratched
nspam, bought  phone   replacement   StarTac   regretted
spam,Appears   outperform  original battery  China
nspam,Can  store   phone numbers  SIM
nspam,It lasts     minutes         phone My wife    phone    problem
nspam,Poor quality
spam,jabra ear gels
nspam,Not worth
nspam,The phone crashed completely        replaced
spam,It quit working           months     purchased        headset    owned
nspam,Unfortunately    recharge  iPhone     connecting   multiple power sources  iMac  external battery  wall outlet
spam,It   great phone
nspam,  simply   small flip phone        extra bells & whistles  mediocre
spam,Good   works fine   power  USB  car   wall outlet
spam,My phone   slide   car    grip prevents  phone  slipping    hand
spam,This  simply  BEST bluetooth headset  sound quality
nspam,Think     plan     This     MOTO phone
spam,In  span   hour     people exclaim  Whoa       phone  TV
spam,    corded headsets   freedom   wireless   helpful
spam,This case  passed   year mark     signs  wear       % functional
spam,Other     leather  nice  soft   fit   tight   cut    face   good shape
spam,It
nspam,After receiving    product     days  broke
spam,This product  great      working  lot easier      copier  waiting  hold
nspam,None    sizes     headset  stay   ears
spam, Mobile    customer service
spam,Arrived     expensive    sold
nspam,We     units    failed    months   Pros
spam,Provides good protection   classy
spam,Krussel Always good
spam,The tracfonewebsite  user friendly    easy toactivate
spam,The design   good
spam, great reception   time
spam,  highly recommend  product
nspam,Couldn    unit  sunglasses   good  Texas
nspam,It dit  work    time   Nokia
nspam,Bought    charger   broke   purchasing
nspam,If    loud buzzing  override   conversations    phone
spam,Fantastic buy         phone
nspam,stay    store   careful
spam,This BlueAnt Supertooth hands free phone speaker  AWESOME
nspam,Does  fit
spam,     Item arrived   works great   Metro PCS Samsung SCH     slider phone  Sony Premium Sound  ear plugs
spam,It  light   plenty  battery capacity     confortable  wear   extended periods  time
nspam,disappointing
spam,Blue Ant  easy
spam,Cheap  hey  works   Was pleasantly suprised   low cost   item
nspam,The camera   phone      dustpan  indoors          disposable
nspam,Then   days    puff  smoke     phone
spam,It   convenient  simple      job  &   car ride   smoother
nspam,The nano stated  My son  dissapointed
spam,The sound quality  excellent
spam,Its   headset
nspam,Would  reccommend
spam,They     years  carries  highest quality  anti glare screen protector
spam,Just   wanted
nspam,This  model   work   Motorola  smartphone
nspam, work   atleast
nspam, addition  feels &amp      phone   lightweight cheap plastic
nspam,But        warranty    problems reoccure Bottom       money      Cingular   support
nspam,  wanted  Plantronics                issues   The good
spam,Great product
spam,Crisp  Clear
nspam,AFter   charge   dead     minutes
nspam,VERY cheap plastic  creaks    wooden floor
nspam,  absolutely horrible reception   apartment     phones      problem
spam,The reception   generally good
spam,Excellent sound  battery life  inconspicuous  boot
spam,Great bluetooth
spam, highly recommend  case
spam,WORTHWHILE
spam,This   great deal
nspam,After  phone      year      slowly breaking   care
nspam,      purchase
nspam, bought  hoping     Bluetooth headset fit    things   impossible  wear
nspam,Treo   Mobile refused  replace    forced   buy  phone   kind  upgrade discount
nspam,It  horrible
nspam,      hold   securly   belt
nspam,This   possibility  double booking      time
nspam,They work    weeks  break
spam,It  simple
spam,It   great tool  entertainment  communication   data management Oh      ActiveSync      optimal data synchronization
nspam,     case   smell  disgusting
nspam,NOT WHAT  WANTED
spam,      cases   order
spam,Great Phone
spam, bought  battery   coupon  Amazon     happy   purchase
nspam,The internet access  fine    rare instance   worked
spam,Perfect   PS
spam,Five star Plus
spam, good quality bargain    bought    bought  cheapy  Big Lots  sounded awful  people       hear
nspam,$   Down  drain
nspam,  talking real loud  shouting   telephone       told    great
spam,Good   works fine
spam,For  price    great deal
spam,Great price
nspam,If    wind    completely useless
spam,Yes   shiny        love
nspam,Does Not Work
nspam,At   thought   grtting  good deal  $        plugged    phone    Razr
spam,The reception   headset  excellent
spam,  thumbs    seller
spam,   Verizon LG phone   work    good reception  range  exceeds    feet   sight
nspam,Improper description        return
spam,#  It Works   #  It  Comfortable
spam,Battery charge life   long
spam,The Jabra EarGels fit  ears
nspam,Battery   life
nspam, checked      feature      disappointing
spam,Product
spam,Gets  signal   Verizon phones
nspam,Doesn    job
spam,  recommend
spam,Plan  ordering
spam,That      phone   camera   nice   cool effects  play    video  decent
spam,    satisfied   cell phone  day
spam,They                numerous Palms
nspam,Awkward    unreliable
spam,The shipping time    quick
nspam,Not  good    hoped
spam,Good case
nspam,Doesn  Work
spam,Really good product
nspam,Unfortunately    work
nspam,All  broke   months
nspam,dont buy
nspam,My father          battery  dying
nspam,However   ear pads   easily     week  lost
nspam,The calls drop   phone         screen  black   worst    stops ringing intermittently
nspam,Horrible  horrible protector
nspam,     Nokia
nspam,Reaching    row  uncomfortable    send   keys     expect
nspam,  bought  Nokia cell phone   weeks ago     nightmare
nspam,It    long    bad  customer service experience    Amazon
nspam,  VERY DISAPPOINTING thing    NO SPEAKERPHONE
nspam,Terrible   My car   accept  cassette
nspam,Product  useless        charging current  charge    cellphones   planning
nspam,It
nspam,Stay Away From
nspam,Used  dirty
nspam,Very unreliable service   mobile
nspam,Not good    price
nspam, bought       charge
spam,It   nice
spam,This   excellent tool    paired   phone  auto answer
spam,  read   reviews        problem
nspam,These products cover    light sensor   ear outlet
spam,Comfortable   hand
nspam,Just   work
nspam,Poor Reliability
spam, It works
nspam,If    picture   battery drops  bar   starts beeping  letting    dieing
nspam,Terrible product   waste  money
nspam,Last time buying
nspam,It   waste   money
spam,So    worked   charm
spam,        weeks       good
spam,But    case         download  pictures   laptop  IR    send pictures   laptop   phone
spam,Would recommend  item
spam,It    choice headset  years Great sound  good volume  good noise cancellation
spam,Nice case  feels good   hands
nspam,The item received  Counterfeit
spam,Just  good   So      BT headset
spam,Works fine
spam, received  headset  good time   happy
spam,   pleased      replace   travled swivel holster   Blackberry flip
spam,My sister      loves
spam,Good Quality
nspam,This     worst purchase     Amazon
spam,Excellent dual purpose headset
spam,Excellent
nspam,Does  work  listening  music   cingular
spam,It  completely secure   holding    belt   keeping  iPhone inside
nspam,The bottowm     worthless  cheap gimmick  Sprint
nspam,Having trouble  volume
spam,The  good thing    fits comfortably  small ears
nspam,WARNING   DO NOT BUY
spam,  pairing    iphone       happier
nspam,When  opens   battery connection  broken   device  turned
nspam,     clip       ear  causing discomfort
spam,Best headset
nspam,Don  trust  website    expect  helpful support
spam,It   loud Glad     Plantronics     maintains  flawless connection   cell    static  normal
nspam,The speaker   low quality   making  ring tones sound  cheap
spam,Fits comfortably     sizes  earbud tips
spam,Excellent product   price
nspam,Bad Reception
nspam,This product   High quality Chinese CRAP
spam,It   comfortable   ear
spam,Great phone
nspam,Don  buy  product   It fails
nspam,Everything   product  wrong First
spam,The pairing    devices   easy  barely   couple minutes   started making calls   voice dialing feature
nspam,This  utterly confusing     caused   lose  couple      contacts
nspam,Terrible phone holder
spam,The cutouts  buttons   perfectly
spam, love      headset    land   cell
nspam,Problem    ear loops    weak material  break easily
nspam,Not   good    AMAZON picture
spam,But    flaws   case   exceptional quality   worth  additional costs  owning  official OEM product
nspam,How stupid
spam,  hear    driving   car              loudest setting
spam,Seller shipped    cheaper   competitors
spam,Good   Samsung
spam,So  bought        saved alot  money
nspam,It  cuts     beep beep beep sound   signal failed
nspam,Couldn  figure
nspam,My phone sounded OK    great   OK     wife  phone   totally unintelligible     understand  word
nspam,So      battery    phone        restart
nspam,While  managed  bend  leaf spring   place   metal    stress    break    drop
spam,Leopard Print  wonderfully wild
spam,Works
nspam,Saggy  floppy piece  junk
spam,    hard plastic cases
nspam,It     problem
spam,Happy
spam,cool phone
spam,Works good
spam,Motorola finally   voice quality   bluetooth headset
nspam,It looses connection   phone       couple feet
spam,   great     recommend
nspam,Makes  easier      bluetooth     wearing
nspam,As       PRETTY USELESS
nspam,Never
nspam,This pair  headphones   worst      sound wise
nspam,        drain    weak snap
nspam,Does  charge  Cingular  ATT       phone
spam,You  extra minutes     carry       cut
nspam,However     year   fliptop started   loose  wobbly  eventually  screen  black     receive  place calls
nspam,  catching  cable   seat     pull  phone   turn
spam,The headset fulfills  requirements    happy   purchase
spam,Logitech Bluetooth Headset
spam,   fact   rests lightly   ear    inside
spam, lot  websites   rating    good phone
spam,    cables   computer   iPod   works  fine
nspam,The mic    joke    volume   low
nspam,  returning
nspam,   maintain  connection   computer      lap
spam,It  easy  turn         car   volume controls   accessable
spam,       year   Christmas  bought    rest   family
spam,Otherwise  easy  install    clear sound
spam,nice leather
nspam,   purchase   case
spam,It   joy
nspam,Very  disappointed   company
spam,Very satisifed
nspam,It   charge
spam,This   phone               bought            WOW
nspam,Buttons   small
spam,Just reading   specs     WOW
spam,Love    Great armband
spam,    product   Motorola    allot clearer   ear piece   mic
nspam,However   keypads   tinny    reach  wrong buttons
spam, exchanged  sony ericson          pretty happy   decision
spam,   impressed   price   cases
spam,Also   easier  hold
spam,   product   motor control center     lot  high voltage humming   equipment    works great
spam,It  pretty easy
nspam,   calls   places
nspam,   girl  complain   time  phone   wake   normal phone
spam,Beautiful styling
nspam,This company charge   restocking fee       refund
nspam,    return    refund
nspam, plugged         darn thing worked
spam,Excellent product
nspam,Earbud piece breaks easily
nspam,Lousy product
nspam,This phone   hard     fails     ability    phone
spam,It    charger      market
spam,SWEETEST PHONE
spam,   Oh   charger   work fine
spam,It fits  securely   ear hook          sound   directed   ear canal
nspam,Not  volume
nspam,Echo Problem    Very unsatisfactory
nspam,      videos   time   quality   poor
nspam,  waste  money
nspam,          negatively review  product
nspam,Adapter   provide  charging current
nspam,There    hype   phone   assumed       mistake
nspam,You    pictures     case   lense  covered
nspam,Phone falls  easily
nspam,It   work  people   hear    talk
nspam,The text messaging feature   tricky
nspam,   disappointed       charger    work
nspam,Painful   ear
nspam,Lasted  day   blew
nspam,disappointed
nspam,Kind  flops
nspam,The screen   smudged easily   touches  ear  face
nspam,What  piece  junk    lose  calls   phone
nspam,Item Does Not Match Picture
nspam,The  thing  disappoint    infra red port  irda
nspam,You   answer calls   unit   worked
